37,00用例图 (3).pdf
38,00用例图 (4).pdf
36,00用例图.pdf
60,11北京.xls
1,123.txt
33,306Vue项目教师上传选题.mov
40,image.jpg
39,我遇到了问题希望得到解决.pdf
2,截屏2020-04-16 下午10.45.06.png
11,截屏2020-04-17 上午1.06.52.png
12,截屏2020-04-17 上午1.12.37.png
13,截屏2020-04-17 上午1.14.18.png
14,截屏2020-04-17 上午1.16.26.png
15,截屏2020-04-17 上午1.17.42.png
16,截屏2020-04-17 上午1.20.12.png
17,截屏2020-04-17 上午1.28.38.png
18,截屏2020-04-17 上午1.41.13.png
19,截屏2020-04-17 上午1.42.18.png
20,截屏2020-04-17 上午1.43.52.png
21,截屏2020-04-17 上午1.44.52.png
3,截屏2020-04-17 上午12.40.48.png
4,截屏2020-04-17 上午12.42.47.png
5,截屏2020-04-17 上午12.43.24.png
6,截屏2020-04-17 上午12.45.03.png
7,截屏2020-04-17 上午12.46.10.png
8,截屏2020-04-17 上午12.47.40.png
9,截屏2020-04-17 上午12.51.44.png
10,截屏2020-04-17 上午12.56.59.png
22,截屏2020-04-17 下午1.41.23.png
28,截屏2020-04-17 下午10.00.50.png
23,截屏2020-04-17 下午2.54.02.png
24,截屏2020-04-17 下午8.56.24.png
25,截屏2020-04-17 下午9.39.59.png
26,截屏2020-04-17 下午9.42.23.png
27,截屏2020-04-17 下午9.48.14.png
30,截屏2020-04-18 下午2.07.36.png
31,截屏2020-04-18 下午2.10.33.png
32,截屏2020-04-18 下午2.13.57.png
34,截屏2020-04-18 下午8.33.19.png
35,截屏2020-04-18 下午8.50.56.png
41,截屏2020-04-20 下午9.39.10.png
42,截屏2020-04-22 下午10.34.59.png
61,截屏2020-04-25 上午12.07.14.png
29,简历上的照片A.jpg
